color_1,color_2,color_3,color_4,likes,created_at
#FF5733,#33FF57,#5733FF,#FFFF00,10,2025-05-01 10:00:00
#AB1234,#34AB12,#12AB34,#1234AB,7,2025-05-01 10:10:00
#E91E63,#9C27B0,#3F51B5,#2196F3,15,2025-05-01 10:20:00
#8BC34A,#FFEB3B,#CDDC39,#FF9800,20,2025-05-01 10:30:00
#FF0000,#00FF00,#0000FF,#FFFF00,30,2025-05-01 10:40:00
#123456,#654321,#abcdef,#fedcba,5,2025-05-01 10:50:00
#FFC0CB,#D3D3D3,#FF6347,#000000,18,2025-05-01 11:00:00
#FFFFF0,#ADFF2F,#8A2BE2,#A52A2A,12,2025-05-01 11:10:00
#FF1493,#DC143C,#00BFFF,#FFD700,8,2025-05-01 11:20:00
#32CD32,#8B0000,#40E0D0,#FFD700,22,2025-05-01 11:30:00
#8A2BE2,#D2691E,#00FFFF,#FFD700,35,2025-05-01 11:40:00
#DC143C,#32CD32,#0000FF,#FFFF00,50,2025-05-01 11:50:00
#C71585,#FF4500,#32CD32,#FFD700,3,2025-05-01 12:00:00
#8A2BE2,#D2691E,#00FFFF,#F08080,17,2025-05-01 12:10:00
#DC143C,#32CD32,#0000FF,#FFFF00,25,2025-05-01 12:20:00
#C71585,#FF4500,#32CD32,#FFD700,28,2025-05-01 12:30:00
#FF6347,#32CD32,#0000FF,#FFFF00,16,2025-05-01 12:40:00
#FF6347,#8A2BE2,#D2691E,#00FFFF,23,2025-05-01 12:50:00
#FFFFF0,#ADFF2F,#8A2BE2,#A52A2A,7,2025-05-01 13:00:00
#8BC34A,#FFEB3B,#CDDC39,#FF9800,14,2025-05-01 13:10:00
#FF0000,#00FF00,#0000FF,#FFFF00,30,2025-05-01 13:20:00
#123456,#654321,#abcdef,#fedcba,18,2025-05-01 13:30:00
#FFC0CB,#D3D3D3,#FF6347,#000000,11,2025-05-01 13:40:00
#FFFFF0,#ADFF2F,#8A2BE2,#A52A2A,10,2025-05-01 13:50:00
#FF1493,#DC143C,#00BFFF,#FFD700,33,2025-05-01 14:00:00
#32CD32,#8B0000,#40E0D0,#FFD700,29,2025-05-01 14:10:00
#8A2BE2,#D2691E,#00FFFF,#FFD700,26,2025-05-01 14:20:00
#DC143C,#32CD32,#0000FF,#FFFF00,17,2025-05-01 14:30:00
#C71585,#FF4500,#32CD32,#FFD700,13,2025-05-01 14:40:00
#8A2BE2,#D2691E,#00FFFF,#F08080,9,2025-05-01 14:50:00
#DC143C,#32CD32,#0000FF,#FFFF00,8,2025-05-01 15:00:00
#C71585,#FF4500,#32CD32,#FFD700,21,2025-05-01 15:10:00
#FF6347,#32CD32,#0000FF,#FFFF00,14,2025-05-01 15:20:00
#FF6347,#8A2BE2,#D2691E,#00FFFF,35,2025-05-01 15:30:00
#FFFFF0,#ADFF2F,#8A2BE2,#A52A2A,19,2025-05-01 15:40:00
#8BC34A,#FFEB3B,#CDDC39,#FF9800,28,2025-05-01 15:50:00
#FF0000,#00FF00,#0000FF,#FFFF00,17,2025-05-01 16:00:00
#123456,#654321,#abcdef,#fedcba,20,2025-05-01 16:10:00
#FFC0CB,#D3D3D3,#FF6347,#000000,11,2025-05-01 16:20:00
#FFFFF0,#ADFF2F,#8A2BE2,#A52A2A,16,2025-05-01 16:30:00
#FF1493,#DC143C,#00BFFF,#FFD700,24,2025-05-01 16:40:00
#32CD32,#8B0000,#40E0D0,#FFD700,12,2025-05-01 16:50:00
#8A2BE2,#D2691E,#00FFFF,#FFD700,18,2025-05-01 17:00:00
#DC143C,#32CD32,#0000FF,#FFFF00,23,2025-05-01 17:10:00
#C71585,#FF4500,#32CD32,#FFD700,15,2025-05-01 17:20:00
#8A2BE2,#D2691E,#00FFFF,#F08080,22,2025-05-01 17:30:00
#DC143C,#32CD32,#0000FF,#FFFF00,9,2025-05-01 17:40:00
#C71585,#FF4500,#32CD32,#FFD700,11,2025-05-01 17:50:00
#FF6347,#32CD32,#0000FF,#FFFF00,18,2025-05-01 18:00:00
#FF6347,#8A2BE2,#D2691E,#00FFFF,30,2025-05-01 18:10:00
#FFFFF0,#ADFF2F,#8A2BE2,#A52A2A,7,2025-05-01 18:20:00
#8BC34A,#FFEB3B,#CDDC39,#FF9800,12,2025-05-01 18:30:00
#FF0000,#00FF00,#0000FF,#FFFF00,27,2025-05-01 18:40:00
#123456,#654321,#abcdef,#fedcba,22,2025-05-01 18:50:00
#FFC0CB,#D3D3D3,#FF6347,#000000,15,2025-05-01 19:00:00
#FFFFF0,#ADFF2F,#8A2BE2,#A52A2A,10,2025-05-01 19:10:00
#FF1493,#DC143C,#00BFFF,#FFD700,8,2025-05-01 19:20:00
#32CD32,#8B0000,#40E0D0,#FFD700,24,2025-05-01 19:30:00
#8A2BE2,#D2691E,#00FFFF,#FFD700,19,2025-05-01 19:40:00
#DC143C,#32CD32,#0000FF,#FFFF00,28,2025-05-01 19:50:00
